fold,epoch,f1,precision,recall,loss
2,1,0.7347480058670044,0.7343957424163818,0.7343957424163818,0.750468909740448
2,2,0.7360742688179016,0.737333357334137,0.7343957424163818,0.7402669787406921
2,3,0.7223696708679199,0.7441217303276062,0.7144754528999329,0.7453559041023254
2,4,0.713085949420929,0.7528571486473083,0.6998671889305115,0.7475337982177734
2,5,0.6799295544624329,0.7458646893501282,0.658698558807373,0.7678973078727722
2,6,0.6710878014564514,0.7291666865348816,0.6507304310798645,0.7844586968421936
