fold,epoch,f1,precision,recall,loss
1,1,0.7347480058670044,0.7343957424163818,0.7343957424163818,0.7449896931648254
1,2,0.7351900935173035,0.7363515496253967,0.7343957424163818,0.7307224273681641
1,3,0.7267904281616211,0.7455295920372009,0.7197875380516052,0.7186899185180664
1,4,0.7290009260177612,0.7465753555297852,0.7237715721130371,0.7268107533454895
1,5,0.7276748418807983,0.7598869800567627,0.7144754528999329,0.7357683777809143
1,6,0.71485435962677,0.7517831921577454,0.6998671889305115,0.7473530173301697
