fold,epoch,f1,precision,recall,loss
0,1,0.7345128456751505,0.7342780033747355,0.7342780033747355,0.7492755651473999
0,2,0.7340680559476217,0.7395229736963908,0.7316184441248575,0.7372820576032003
0,3,0.7262566884358724,0.7455188035964966,0.7187791466712952,0.7340105772018433
0,4,0.7178410490353903,0.7530859510103861,0.7059292395909628,0.7398300170898438
0,5,0.6989591916402181,0.7561029195785522,0.6797991394996643,0.7561908562978109
0,6,0.6884879072507223,0.7459576527277628,0.6682843168576559,0.7718604604403178
