fold,epoch,f1,precision,recall,loss
3,1,0.7340425252914429,0.7340425252914429,0.7340425252914429,0.7523680925369263
3,2,0.7309398055076599,0.7448840141296387,0.7260638475418091,0.7408567667007446
3,3,0.7296099662780762,0.7469050884246826,0.7220744490623474,0.7379859089851379
3,4,0.7114362716674805,0.7598253488540649,0.6941489577293396,0.7451454997062683
3,5,0.6892731785774231,0.7625570893287659,0.666223406791687,0.7649068832397461
3,6,0.6795215606689453,0.7569230794906616,0.6542553305625916,0.7837696671485901
