fold,epoch,f1,precision,recall,loss
3,1,0.7344858646392822,0.7360000014305115,0.7340425252914429,0.7378476858139038
3,2,0.7335993051528931,0.7392473220825195,0.7313829660415649,0.7211275100708008
3,3,0.7260639071464539,0.7549296021461487,0.7127659320831299,0.7146092057228088
3,4,0.7269504070281982,0.75527423620224,0.7140957713127136,0.7184320092201233
3,5,0.7114363312721252,0.7518037557601929,0.6928191781044006,0.7289516925811768
3,6,0.7105497717857361,0.7510791420936584,0.6941489577293396,0.7480620741844177
