fold,epoch,f1,precision,recall,loss
2,1,0.7347480058670044,0.7343957424163818,0.7343957424163818,0.7386252284049988
2,2,0.730769157409668,0.7438691854476929,0.7250996232032776,0.7267257571220398
2,3,0.73209547996521,0.7452316284179688,0.7264276146888733,0.7197279334068298
2,4,0.7152962684631348,0.7510608434677124,0.7051792740821838,0.7253142595291138
2,5,0.6945182085037231,0.7559171319007874,0.678618848323822,0.7358874082565308
2,6,0.7015916109085083,0.7529069781303406,0.687915027141571,0.7454689145088196
