fold,epoch,f1,precision,recall,loss
1,1,0.7347480058670044,0.7343957424163818,0.7343957424163818,0.7426503896713257
1,2,0.733863890171051,0.7366310358047485,0.7317396998405457,0.7244433164596558
1,3,0.7245799899101257,0.7400820851325989,0.7184594869613647,0.7187648415565491
1,4,0.7210432887077332,0.7427386045455933,0.7131474018096924,0.7235769629478455
1,5,0.7091071009635925,0.7543352842330933,0.6932271122932434,0.7354781031608582
1,6,0.7130858898162842,0.7447108626365662,0.701195240020752,0.7543721795082092
