fold,epoch,f1,precision,recall,loss
0,1,0.7346606254577637,0.7349304954210917,0.7342780033747355,0.7397077679634094
0,2,0.7327441175778707,0.7399158477783203,0.7294074296951294,0.7240988612174988
0,3,0.7275797923405966,0.7467477718989054,0.7192176779111227,0.7177006602287292
0,4,0.7210966547330221,0.7496912280718485,0.7108074824015299,0.7224410772323608
0,5,0.705020546913147,0.7540187239646912,0.6882217129071554,0.7334390679995219
0,6,0.7084090908368429,0.7495656609535217,0.6944197416305542,0.7493010560671488
