fold,epoch,f1,precision,recall,loss
0,1,0.7345128456751505,0.7342780033747355,0.7342780033747355,0.7519176403681437
0,2,0.7337760329246521,0.734042227268219,0.7333926558494568,0.7431145509084066
0,3,0.7308280269304911,0.7359044353167216,0.7280799945195516,0.7419996658960978
0,4,0.7252247134844462,0.7431075970331827,0.716123104095459,0.7500300208727518
0,5,0.7028030753135681,0.7471070289611816,0.6842341224352518,0.7634376486142477
0,6,0.6831992864608765,0.7422564824422201,0.6589987476666769,0.7855116327603658
