fold,epoch,f1,precision,recall,loss
3,1,0.7340425252914429,0.7340425252914429,0.7340425252914429,0.7523702383041382
3,2,0.7340425252914429,0.7340425252914429,0.7340425252914429,0.7421373128890991
3,3,0.7331560850143433,0.734666645526886,0.7327127456665039,0.7398350238800049
3,4,0.7291666269302368,0.7448559403419495,0.7220744490623474,0.7492660284042358
3,5,0.7034577131271362,0.7507288455963135,0.6848404407501221,0.7583946585655212
3,6,0.6981384754180908,0.7380607724189758,0.6781914830207825,0.7805325388908386
