fold,epoch,f1,precision,recall,loss
1,1,0.7347480058670044,0.7343957424163818,0.7343957424163818,0.7521851062774658
1,2,0.7347480058670044,0.7343957424163818,0.7343957424163818,0.746300995349884
1,3,0.7298850417137146,0.7362045645713806,0.7264276146888733,0.7485617995262146
1,4,0.7276745438575745,0.7414500713348389,0.7197875380516052,0.7550350427627563
1,5,0.704686164855957,0.7456647157669067,0.6852589845657349,0.7688116431236267
1,6,0.6790453195571899,0.7511520981788635,0.649402379989624,0.7909641265869141
