fold,epoch,f1,precision,recall,loss
2,1,0.7347480058670044,0.7343957424163818,0.7343957424163818,0.7511975765228271
2,2,0.732537567615509,0.7336884140968323,0.7317396998405457,0.7409053444862366
2,3,0.7294429540634155,0.7368420958518982,0.7250996232032776,0.737602174282074
2,4,0.7188329696655273,0.74301677942276,0.7065073251724243,0.7457889914512634
2,5,0.7002653479576111,0.7449275255203247,0.6826029419898987,0.763106644153595
2,6,0.6724140644073486,0.7375565767288208,0.649402379989624,0.7850382328033447
