fold,epoch,f1,precision,recall,loss
0,1,0.7345128456751505,0.7342780033747355,0.7342780033747355,0.7403632601102194
0,2,0.7306760549545288,0.7455856204032898,0.724090059598287,0.7278918623924255
0,3,0.7221121986707052,0.7582207918167114,0.7072537342707316,0.7235316634178162
0,4,0.7128370404243469,0.762260357538859,0.6926525632540385,0.7286943594614664
0,5,0.7120927770932516,0.7607090075810751,0.6939770579338074,0.7386355996131897
0,6,0.7013130386670431,0.7555083235104879,0.6815674503644308,0.7587346831957499
