fold,epoch,f1,precision,recall,loss
2,1,0.7347480058670044,0.7343957424163818,0.7343957424163818,0.7423446774482727
2,2,0.7312114238739014,0.7479451894760132,0.7250996232032776,0.7361742258071899
2,3,0.7303272485733032,0.7469220161437988,0.7250996232032776,0.724056601524353
2,4,0.7073387503623962,0.7606461048126221,0.687915027141571,0.7331241369247437
2,5,0.7077808380126953,0.7591241002082825,0.6905710697174072,0.7442611455917358
2,6,0.6993812918663025,0.7489051222801208,0.6812748908996582,0.761690080165863
