fold,epoch,f1,precision,recall,loss
1,1,0.7347480058670044,0.7343957424163818,0.7343957424163818,0.7385078072547913
1,2,0.7329797148704529,0.7405405640602112,0.7277556657791138,0.7232092022895813
1,3,0.7272325754165649,0.7610241770744324,0.7104913592338562,0.7257470488548279
1,4,0.7126438021659851,0.7696879506111145,0.687915027141571,0.7354208827018738
1,5,0.718390941619873,0.7686676383018494,0.6972111463546753,0.7458056807518005
1,6,0.7197171449661255,0.7611510753631592,0.7025232315063477,0.7657525539398193
