fold,epoch,f1,precision,recall,loss
3,1,0.7340425252914429,0.7340425252914429,0.7340425252914429,0.740237295627594
3,2,0.7278370261192322,0.748271107673645,0.7194148898124695,0.7242921590805054
3,3,0.7087767720222473,0.7667161822319031,0.686170220375061,0.7207913398742676
3,4,0.7185285687446594,0.7564470171928406,0.7021276354789734,0.717538058757782
3,5,0.7101065516471863,0.7543352842330933,0.6941489577293396,0.7258399724960327
3,6,0.6848406791687012,0.7564687728881836,0.6609042286872864,0.7487614154815674
