fold,epoch,f1,precision,recall,loss
1,1,0.7347480058670044,0.7343957424163818,0.7343957424163818,0.7444285154342651
1,2,0.7343058586120605,0.7376171350479126,0.7317396998405457,0.7255929112434387
1,3,0.703359842300415,0.7525622248649597,0.6826029419898987,0.725609540939331
1,4,0.6799295544624329,0.7680251002311707,0.6507304310798645,0.7455005049705505
1,5,0.6909816861152649,0.7485119104385376,0.6679946780204773,0.7526596784591675
1,6,0.6989391446113586,0.7377521395683289,0.6799468994140625,0.7733971476554871
