fold,epoch,f1,precision,recall,loss
2,1,0.7347480058670044,0.7343957424163818,0.7343957424163818,0.7490200400352478
2,2,0.7316534519195557,0.7379032373428345,0.7290836572647095,0.7323081493377686
2,3,0.7130858898162842,0.7492877244949341,0.6985391974449158,0.7326511740684509
2,4,0.7223696708679199,0.7496503591537476,0.7118194103240967,0.7382091283798218
2,5,0.7055705189704895,0.7518142461776733,0.687915027141571,0.7485664486885071
2,6,0.7104333639144897,0.7467994093894958,0.6972111463546753,0.7704298496246338
