fold,epoch,f1,precision,recall,loss
0,1,0.7345128456751505,0.7342780033747355,0.7342780033747355,0.749353309472402
0,2,0.7330384651819865,0.7373838027318319,0.7311787009239197,0.730575422445933
0,3,0.7131356398264567,0.7517903645833334,0.6975260972976685,0.7291246851285299
0,4,0.6997026602427164,0.7618351777394613,0.6784740686416626,0.7425199747085571
0,5,0.6967527071634928,0.7546541690826416,0.6753741502761841,0.7530796527862549
0,6,0.7061975002288818,0.7475230097770691,0.6895491282145182,0.7747345566749573
