fold,epoch,f1,precision,recall,loss
3,1,0.7340425252914429,0.7340425252914429,0.7340425252914429,0.7546113729476929
3,2,0.7331560850143433,0.7366310358047485,0.7327127456665039,0.7338252067565918
3,3,0.7229611873626709,0.7535211443901062,0.7114361524581909,0.7291133403778076
3,4,0.6968087553977966,0.7678300738334656,0.6728723645210266,0.7438502907752991
3,5,0.6937059164047241,0.7636363506317139,0.6702127456665039,0.7580128312110901
3,6,0.7092199921607971,0.7580174803733826,0.6914893388748169,0.780376672744751
