fold,epoch,f1,precision,recall,loss
2,1,0.7347480058670044,0.7343957424163818,0.7343957424163818,0.745033860206604
2,2,0.7329797148704529,0.738896369934082,0.7290836572647095,0.7330605387687683
2,3,0.7055703997612,0.7510854005813599,0.6892430186271667,0.7366729974746704
2,4,0.6931920647621155,0.751857340335846,0.671978771686554,0.7508335709571838
2,5,0.7020336389541626,0.748911440372467,0.6852589845657349,0.7623700499534607
2,6,0.6825820803642273,0.7447761297225952,0.6626825928688049,0.7816193699836731
