fold,epoch,f1,precision,recall,loss
0,1,0.7345128456751505,0.7342780033747355,0.7342780033747355,0.7443814078966776
0,2,0.7328922947247823,0.7384709119796753,0.730293353398641,0.732007622718811
0,3,0.7070741852124532,0.7513788143793741,0.6877713799476624,0.7347951730092367
0,4,0.7067861358324686,0.7475400567054749,0.6895485520362854,0.7439750631650289
0,5,0.6923180222511292,0.7517958084742228,0.6704959074656168,0.7603980302810669
0,6,0.6845043698946635,0.745960513750712,0.6607559124628702,0.7766372958819071
