fold,epoch,f1,precision,recall,loss
1,1,0.7347480058670044,0.7343957424163818,0.7343957424163818,0.7447674870491028
1,2,0.7312113046646118,0.7359249591827393,0.7290836572647095,0.7356159687042236
1,3,0.7148541212081909,0.7482219338417053,0.6985391974449158,0.7354945540428162
1,4,0.7188329100608826,0.7461430430412292,0.7065073251724243,0.7447344660758972
1,5,0.6967285871505737,0.7518463730812073,0.6759628057479858,0.7595958113670349
1,6,0.6967285871505737,0.751857340335846,0.671978771686554,0.7746509909629822
