fold,epoch,f1,precision,recall,loss
3,1,0.7340425252914429,0.7340425252914429,0.7340425252914429,0.7433428764343262
3,2,0.7344858646392822,0.7405914068222046,0.7327127456665039,0.7273463606834412
3,3,0.7007980346679688,0.7548291087150574,0.6755319237709045,0.7322179675102234
3,4,0.708333432674408,0.7446197867393494,0.6901595592498779,0.7363571524620056
3,5,0.6781918406486511,0.7546296119689941,0.6502659320831299,0.7592282295227051
3,6,0.6742024421691895,0.7412480711936951,0.647606372833252,0.7736415266990662
