fold,epoch,f1,precision,recall,loss
3,1,0.7340425252914429,0.7340425252914429,0.7340425252914429,0.7482913136482239
3,2,0.7331560254096985,0.7362784743309021,0.7313829660415649,0.7430550456047058
3,3,0.7198582291603088,0.7458100318908691,0.710106372833252,0.7370225787162781
3,4,0.7185284495353699,0.7450980544090271,0.707446813583374,0.7298367023468018
3,5,0.705230712890625,0.7442528605461121,0.688829779624939,0.7437247633934021
3,6,0.7007980346679688,0.7417027354240417,0.6835106611251831,0.7525266408920288
