fold,epoch,f1,precision,recall,loss
2,1,0.7347480058670044,0.7343957424163818,0.7343957424163818,0.7561683058738708
2,2,0.7351901531219482,0.7422818541526794,0.7343957424163818,0.7396969795227051
2,3,0.7343059778213501,0.7445945739746094,0.7317396998405457,0.7435300350189209
2,4,0.7347480654716492,0.7482993006706238,0.73041170835495,0.754999041557312
2,5,0.7099911570549011,0.7425742745399475,0.6972111463546753,0.763917863368988
2,6,0.7104332447052002,0.7394366264343262,0.6972111463546753,0.7832932472229004
