fold,epoch,f1,precision,recall,loss
1,1,0.7347480058670044,0.7343957424163818,0.7343957424163818,0.7490630149841309
1,2,0.7347480058670044,0.7360000014305115,0.7330677509307861,0.7392591834068298
1,3,0.7228118181228638,0.7406896352767944,0.7131474018096924,0.7408539652824402
1,4,0.7051284909248352,0.7456647157669067,0.6852589845657349,0.7505543231964111
1,5,0.6931922435760498,0.7441176176071167,0.671978771686554,0.7678941488265991
1,6,0.6962867975234985,0.7348703145980835,0.6772908568382263,0.7878113389015198
