fold,epoch,f1,precision,recall,loss
0,1,0.7345128456751505,0.7342780033747355,0.7342780033747355,0.7511742115020752
0,2,0.7343647281328837,0.738186776638031,0.7329488197962443,0.740670402844747
0,3,0.7256586750348409,0.7436980803807577,0.7183311581611633,0.7404688596725464
0,4,0.719468335310618,0.7463540236155192,0.7077058355013529,0.7451300223668417
0,5,0.702804704507192,0.7436482508977255,0.6860065658887228,0.7585122585296631
0,6,0.7025060256322225,0.7386698921521505,0.6860042214393616,0.7745437423388163
